<application>
  <component name="CodeFoldingSettings">
    <option name="COLLAPSE_METHODS" value="true" />
    <option name="COLLAPSE_CUSTOM_FOLDING_REGIONS" value="true" />
  </component>
  <component name="CodeInsightSettings">
    <option name="HIGHLIGHT_SCOPE" value="true" />
  </component>
  <component name="DaemonCodeAnalyzerSettings">
    <option name="SHOW_METHOD_SEPARATORS" value="true" />
  </component>
  <component name="DefaultFont">
    <option name="FONT_SIZE" value="25" />
    <option name="FONT_FAMILY" value="JetBrains Mono" />
    <option name="FONT_SCALE" value="1.5" />
    <option name="LINE_SPACING" value="1.05" />
  </component>
  <component name="EditorSettings">
    <option name="languageBreadcrumbsMap">
      <map>
        <entry key="Erlang" value="true" />
      </map>
    </option>
    <option name="USE_SOFT_WRAPS" value="MAIN_EDITOR:CONSOLE:PREVIEW" />
    <option name="SOFT_WRAP_FILE_MASKS" value="*" />
    <option name="USE_CUSTOM_SOFT_WRAP_INDENT" value="true" />
    <option name="CUSTOM_SOFT_WRAP_INDENT" value="4" />
    <option name="IS_ENSURE_NEWLINE_AT_EOF" value="true" />
    <option name="ARE_GUTTER_ICONS_SHOWN" value="false" />
    <option name="SHOW_BREADCRUMBS" value="false" />
  </component>
  <component name="TodoConfiguration">
    <pattern pattern="\btodo\b.*" />
    <pattern pattern="\bfixme\b.*" />
  </component>
</application>