<application>
  <component name="FileTypeManager" version="18">
    <ignoreFiles list="*.dump;*.iml;*.pyc;*.pyo;*.rbc;*.yarb;*~;.DS_Store;.hg;.svn;CVS;__pycache__;_svn;config.php;vssver.scc;vssver2.scc;" />
    <extensionMap>
      <mapping ext="space.kts" type="Kotlin" />
      <mapping ext="main.kts" type="Kotlin" />
      <removed_mapping ext="apk" approved="true" type="ARCHIVE" />
      <removed_mapping ext="beam" approved="true" type="PLAIN_TEXT" />
      <removed_mapping ext="config" approved="true" type="Erlang Terms" />
      <removed_mapping ext="psd" approved="true" type="Image" />
    </extensionMap>
  </component>
</application>