<application>
  <component name="GitToolBoxAppSettings2">
    <option name="absoluteDateTimeStyle" value="ISO_8601" />
    <option name="autoFetchEnabled" value="false" />
    <option name="autoFetchOnBranchSwitch" value="false" />
    <option name="behindTracker" value="false" />
    <option name="blameInlayConfig">
      <InlayBlameConfig>
        <option name="shortenToFitViewport" value="true" />
      </InlayBlameConfig>
    </option>
    <option name="blameInlineDateType" value="ABSOLUTE" />
    <option name="previousVersionMigrated" value="true" />
    <option name="showStatusWidget" value="false" />
    <option name="version" value="5" />
  </component>
</application>