<application>
  <component name="ProjectJdkTable">
    <jdk version="2">
      <name value="Erlang 21" />
      <type value="Erlang SDK" />
      <version value="OTP 21, erts-10.3.5.18" />
      <homePath value="/usr/local/lib/erlang" />
      <roots>
        <annotationsPath>
          <root type="composite" />
        </annotationsPath>
        <classPath>
          <root type="composite">
            <root url="file:///usr/local/lib/erlang/lib" type="simple" />
          </root>
        </classPath>
        <javadocPath>
          <root type="composite">
            <root url="http://www.erlang.org/documentation/doc-10.3.5.18" type="simple" />
          </root>
        </javadocPath>
        <sourcePath>
          <root type="composite">
            <root url="file:///usr/local/lib/erlang/lib" type="simple" />
          </root>
        </sourcePath>
      </roots>
      <additional />
    </jdk>
  </component>
</application>