<application>
  <component name="NotificationConfiguration">
    <notification groupId="DBNavigator.NotificationGroup" displayType="NONE" />
    <notification groupId="gittoolbox.behind.tracker" displayType="TOOL_WINDOW" shouldLog="false" />
    <notification groupId="gittoolbox.fetch" displayType="TOOL_WINDOW" shouldLog="false" />
    <notification groupId="IDE and Plugin Updates" displayType="NONE" shouldLog="false" />
    <notification groupId="Plugins updates" displayType="STICKY_BALLOON" />
    <notification groupId="TKK Update Failed" shouldLog="false" />
  </component>
</application>