<application>
  <component name="UISettings">
    <option name="CLOSE_NON_MODIFIED_FILES_FIRST" value="true" />
    <option name="HIDE_TABS_IF_NEED" value="false" />
    <option name="HIDE_TOOL_STRIPES" value="true" />
    <option name="MARK_MODIFIED_TABS_WITH_ASTERISK" value="true" />
    <option name="OPEN_TABS_AT_THE_END" value="true" />
    <option name="RECENT_FILES_LIMIT" value="10" />
    <option name="RECENT_LOCATIONS_LIMIT" value="10" />
    <option name="SCROLL_TAB_LAYOUT_IN_EDITOR" value="false" />
    <option name="SHOW_INPLACE_COMMENTS" value="true" />
    <option name="SORT_TABS_ALPHABETICALLY" value="true" />
  </component>
</application>