<application>
  <component name="AppStorage">
    <histories>
      <item value="阵营" />
      <item value="连线" />
      <item value="相连" />
      <item value="连通" />
      <item value="高级" />
      <item value="初始" />
      <item value="出事" />
      <item value="仙域" />
      <item value="争夺" />
      <item value="turf" />
      <item value="争turf" />
      <item value="epic" />
      <item value="grand" />
      <item value="仙域grand" />
      <item value="is bought" />
      <item value="is bough" />
      <item value="is buy" />
      <item value="已经购买" />
      <item value="BOUGHT" />
      <item value="未激活" />
      <item value="邮箱" />
      <item value="未领取" />
      <item value="领取" />
      <item value="套装" />
      <item value="deadline" />
      <item value="内存" />
      <item value="教程" />
      <item value="指针" />
      <item value="光标" />
      <item value="直购" />
      <item value="acceleration" />
      <item value="properly" />
      <item value="renew" />
      <item value="may" />
      <item value="compression" />
      <item value="encryption" />
      <item value="geometry" />
      <item value="state" />
      <item value="十一月" />
      <item value="position" />
      <item value="有效时间" />
      <item value="最高" />
      <item value="飞升" />
      <item value="verbose" />
      <item value="饰品" />
      <item value="藏经阁" />
      <item value="集邮" />
      <item value="藏兵阁" />
      <item value="nov" />
      <item value="caret" />
    </histories>
    <option name="languageScores">
      <map>
        <entry key="CHINESE" value="4" />
        <entry key="ENGLISH" value="64" />
      </map>
    </option>
  </component>
  <component name="Settings">
    <option name="ignoreRegExp" value="" />
    <option name="translator" value="ai.youdao" />
    <option name="youdaoTranslateSettings">
      <youdao-translate>
        <option name="appId" value="509fa4130252d7a4" />
      </youdao-translate>
    </option>
  </component>
</application>