<code_scheme name="Default" version="173">
  <option name="LINE_SEPARATOR" value="&#10;" />
  <option name="RIGHT_MARGIN" value="160" />
  <ErlangCodeStyleSettings>
    <option name="INDENT_RELATIVE" value="false" />
    <option name="UNIFORM_BINARY_EXPRESSIONS" value="true" />
  </ErlangCodeStyleSettings>
  <codeStyleSettings language="Erlang">
    <option name="KEEP_FIRST_COLUMN_COMMENT" value="false" />
    <option name="METHOD_PARAMETERS_WRAP" value="1" />
    <indentOptions>
      <option name="INDENT_SIZE" value="4" />
      <option name="TAB_SIZE" value="4" />
    </indentOptions>
  </codeStyleSettings>
</code_scheme>