<keymap version="1" name="Eclipse copy" parent="Eclipse">
  <action id="ActivateFindToolWindow" />
  <action id="ActivateRunToolWindow" />
  <action id="ActivateTODOToolWindow">
    <keyboard-shortcut first-keystroke="alt 9" />
  </action>
  <action id="ActivateTerminalToolWindow">
    <keyboard-shortcut first-keystroke="alt 3" />
  </action>
  <action id="ActivateVersionControlToolWindow">
    <keyboard-shortcut first-keystroke="alt 4" />
  </action>
  <action id="Back">
    <keyboard-shortcut first-keystroke="alt left" />
  </action>
  <action id="ChangesView.ShelveSilently" />
  <action id="CloseActiveTab" />
  <action id="CloseContent">
    <keyboard-shortcut first-keystroke="ctrl w" />
  </action>
  <action id="CollapseAllRegions">
    <keyboard-shortcut first-keystroke="shift ctrl minus" />
  </action>
  <action id="CollapseSelection" />
  <action id="ContextHelp" />
  <action id="DBNavigator.Actions.Execute">
    <keyboard-shortcut first-keystroke="shift alt enter" />
  </action>
  <action id="EditorDecreaseFontSize">
    <keyboard-shortcut first-keystroke="alt minus" />
  </action>
  <action id="EditorDown">
    <keyboard-shortcut first-keystroke="down" />
    <keyboard-shortcut first-keystroke="alt j" />
  </action>
  <action id="EditorIncreaseFontSize">
    <keyboard-shortcut first-keystroke="alt equals" />
  </action>
  <action id="EditorLeft">
    <keyboard-shortcut first-keystroke="left" />
    <keyboard-shortcut first-keystroke="alt h" />
  </action>
  <action id="EditorLookupDown" />
  <action id="EditorLookupUp" />
  <action id="EditorResetFontSize">
    <keyboard-shortcut first-keystroke="alt 0" />
  </action>
  <action id="EditorRight">
    <keyboard-shortcut first-keystroke="right" />
    <keyboard-shortcut first-keystroke="alt l" />
  </action>
  <action id="EditorScrollDown" />
  <action id="EditorScrollDownAndMove">
    <keyboard-shortcut first-keystroke="ctrl down" />
  </action>
  <action id="EditorScrollUp" />
  <action id="EditorScrollUpAndMove">
    <keyboard-shortcut first-keystroke="ctrl up" />
  </action>
  <action id="EditorToggleCase">
    <keyboard-shortcut first-keystroke="shift ctrl u" />
    <keyboard-shortcut first-keystroke="shift ctrl x" />
  </action>
  <action id="EditorUp">
    <keyboard-shortcut first-keystroke="up" />
    <keyboard-shortcut first-keystroke="alt k" />
  </action>
  <action id="ExpandAllRegions">
    <keyboard-shortcut first-keystroke="shift ctrl equals" />
  </action>
  <action id="ExportToTextFile" />
  <action id="FileStructurePopup">
    <keyboard-shortcut first-keystroke="ctrl o" />
  </action>
  <action id="Forward">
    <keyboard-shortcut first-keystroke="alt right" />
  </action>
  <action id="GotoFile">
    <keyboard-shortcut first-keystroke="ctrl r" />
  </action>
  <action id="GotoNextError">
    <keyboard-shortcut first-keystroke="f1" />
  </action>
  <action id="HideActiveWindow">
    <keyboard-shortcut first-keystroke="alt x" />
  </action>
  <action id="MethodHierarchy" />
  <action id="MethodOverloadSwitchDown" />
  <action id="MethodOverloadSwitchUp" />
  <action id="MoveTabDown">
    <keyboard-shortcut first-keystroke="shift alt minus" />
  </action>
  <action id="MoveTabRight">
    <keyboard-shortcut first-keystroke="shift alt equals" />
  </action>
  <action id="NextTab">
    <keyboard-shortcut first-keystroke="ctrl f6" />
    <keyboard-shortcut first-keystroke="ctrl page_down" />
  </action>
  <action id="PlaybackLastMacro">
    <keyboard-shortcut first-keystroke="alt p" />
  </action>
  <action id="PreviousTab">
    <keyboard-shortcut first-keystroke="shift ctrl f6" />
    <keyboard-shortcut first-keystroke="ctrl page_up" />
  </action>
  <action id="ReformatCode">
    <keyboard-shortcut first-keystroke="ctrl alt l" />
  </action>
  <action id="ReplaceInPath">
    <keyboard-shortcut first-keystroke="shift ctrl h" />
  </action>
  <action id="RunToCursor" />
  <action id="SearchEverywhere.NavigateToNextGroup">
    <keyboard-shortcut first-keystroke="page_down" />
  </action>
  <action id="SearchEverywhere.NavigateToPrevGroup">
    <keyboard-shortcut first-keystroke="page_up" />
  </action>
  <action id="StartStopMacroRecording">
    <keyboard-shortcut first-keystroke="alt r" />
  </action>
  <action id="Terminal.SwitchFocusToEditor" />
  <action id="Unsplit">
    <keyboard-shortcut first-keystroke="shift alt back_space" />
  </action>
  <action id="Unwrap" />
  <action id="Vcs.ShowTabbedFileHistory">
    <keyboard-shortcut first-keystroke="alt i" />
  </action>
</keymap>